,accuracy,f1_score,loss,precision,recall,val_accuracy,val_f1_score,val_loss,val_precision,val_recall,learning_rate,time_per_epoch
0,0.28125,0.18733972311019897,2.256065845489502,0.125,0.03125,0.1875,0.06905370205640793,2.170637845993042,0.0,0.0,0.00019999999494757503,15.140650987625122
1,0.25,0.18492060899734497,2.422661066055298,0.2857142984867096,0.0625,0.09375,0.045955877751111984,2.1545023918151855,0.0,0.0,0.00019999999494757503,13.672520875930786
2,0.1875,0.11837119609117508,2.161315441131592,0.2222222238779068,0.0625,0.09375,0.041958037763834,2.168384075164795,0.0,0.0,0.00019999999494757503,14.063580513000488
3,0.15625,0.09940474480390549,2.2509493827819824,0.4285714328289032,0.09375,0.09375,0.045454539358615875,2.115834951400757,0.0,0.0,0.00019999999494757503,13.223387479782104
4,0.25,0.16011902689933777,2.0161006450653076,0.3333333432674408,0.09375,0.09375,0.04417292773723602,2.214994192123413,0.0,0.0,0.00019999999494757503,13.03298544883728
