,time_per_batch,time_per_epoch,train_accuracy,train_loss,val_accuracy,val_loss,precision,recall,f1,learning_rate
0,,10.044200658798218,0.04,2.230696678161621,,,0.0016,0.04,0.003076923076923077,
1,,9.433680772781372,0.16,2.254748821258545,,,0.0256,0.16,0.044137931034482755,
2,,9.365644693374634,0.16,2.1329885721206665,,,0.0256,0.16,0.044137931034482755,
3,,9.248170852661133,0.16,2.1237480640411377,,,0.0256,0.16,0.044137931034482755,
4,,9.534894943237305,0.16,2.1026116609573364,,,0.0256,0.16,0.044137931034482755,
